0,Homens,0,BR,Brasil,1739603,1704785,1671125,1642237,1619035,1599962,1582374,1540650,1526476,1518415,1492736,1495317,1502269,1495732,1511087,1541887,1508957,1475547,1494702,1476538,1421632,1375717,1329250,1293317,1271325,1244521,1221443,1200793,1182121,1165520,1150891,1137492,1124948,1113266,1102598,1092675,1082972,1073155,1063659,1054662,1045725,1036512,1027101,1017836,1008723,999488,989902,980112,970241,960079,949544,938763,927916,916810,905171,893203,881467,870350,859334,848104,837201,827098,817904,809287,800942,793069,785796,779042,772690,766600,760712
1,Homens,0,BR,Brasil,1748797,1729954,1696221,1663430,1635485,1613114,1594761,1577834,1536601,1522764,1512746,1484846,1489234,1497562,1491381,1506490,1536765,1503255,1469128,1489533,1473448,1418619,1371222,1323934,1289508,1267961,1241599,1218933,1198677,1180384,1164144,1149731,1136359,1123838,1112174,1101529,1091618,1081933,1072129,1062649,1053664,1044750,1035572,1026186,1016950,1007866,998659,989100,979336,969490,959352,948842,938084,927262,916175,904557,892613,880894,869799,858799,847588,836703,826617,817440,808837,800503,792647,785385,778642,772305,766223
2,Homens,0,BR,Brasil,1750514,1745757,1727212,1693702,1661113,1633369,1611187,1592999,1576183,1535067,1519584,1507829,1481286,1486712,1495289,1488856,1503474,1533275,1499251,1466081,1487847,1472016,1416014,1367895,1321820,1287690,1266418,1240322,1217910,1197897,1179836,1163727,1149316,1135942,1123415,1111749,1101099,1091183,1081493,1071687,1062202,1053219,1044319,1035152,1025778,1016554,1007479,998285,988734,978983,969148,959019,948518,937774,926958,915880,904276,892339,880631,869541,858549,847347,836472,826393,817222,808626,800301,792449,785194,778452,772122
3,Homens,0,BR,Brasil,1750192,1748871,1744208,1725768,1692362,1659882,1632222,1610127,1591999,1575236,1532919,1516123,1505400,1479640,1485275,1493679,1486872,1501152,1530559,1497293,1465154,1486988,1470320,1413776,1366249,1320400,1286471,1265380,1239463,1217220,1197370,1179403,1163293,1148880,1135504,1122979,1111309,1100656,1090738,1081042,1071231,1061754,1052781,1043897,1034740,1025379,1016167,1007102,997916,988377,978637,968812,958693,948204,937469,926659,915594,903999,892070,880369,869288,858309,847112,836244,826175,817009,808419,800103,792254,785003,778270
4,Homens,0,BR,Brasil,1750127,1748960,1747715,1743102,1724762,1691419,1659031,1631414,1609366,1591266,1573634,1530383,1514365,1504238,1478627,1484153,1492290,1485254,1499280,1529255,1496753,1464682,1485851,1468730,1412478,1365107,1319408,1285608,1264634,1238835,1216699,1196919,1178952,1162841,1148434,1135053,1122527,1110857,1100205,1090280,1080582,1070777,1061312,1052354,1043481,1034336,1024985,1015787,1006732,997557,988027,978299,968482,958373,947891,937167,926370,915312,903729,891807,880111,869042,858073,846883,836024,825959,816800,808215,799906,792061,784815
5,Homens,0,BR,Brasil,1748617,1749135,1748001,1746805,1742248,1723976,1690672,1658335,1630753,1608741,1590031,1571727,1529085,1513533,1503539,1477826,1483165,1491126,1483940,1498447,1528951,1496475,1463967,1484763,1467908,1411759,1364478,1318866,1285135,1264230,1238500,1216400,1196618,1178650,1162531,1148121,1134740,1122207,1110530,1099874,1089942,1080245,1070451,1060995,1052047,1043180,1034045,1024701,1015513,1006463,997297,987774,978055,968245,958138,947668,936946,926158,915108,903530,891613,879922,868860,857897,846714,835861,825802,816643,808066,799762,791922
6,Homens,0,BR,Brasil,1746569,1747805,1748351,1747235,1746080,1741547,1723298,1690009,1657717,1630169,1607740,1588590,1570755,1528478,1513032,1502991,1477123,1482361,1490206,1483422,1498338,1528824,1496015,1463298,1484378,1467569,1411469,1364227,1318659,1284959,1264082,1238372,1216263,1196470,1178495,1162365,1147949,1134557,1122016,1110332,1099661,1089730,1080037,1070248,1060800,1051856,1042995,1033864,1024524,1015343,1006294,997135,987614,977899,968095,957989,947526,936806,926023,914977,903403,891489,879800,868742,857782,846604,835754,825699,816542,807968,799665
7,Homens,0,BR,Brasil,1744453,1745804,1747051,1747623,1746534,1745417,1740903,1722681,1689412,1657162,1629347,1606638,1587854,1570310,1528127,1512654,1502511,1476549,1481731,1489885,1483428,1498326,1528560,1495568,1463064,1484155,1467367,1411284,1364058,1318505,1284816,1263944,1238226,1216109,1196307,1178329,1162188,1147760,1134360,1121813,1110119,1099447,1089520,1079833,1070051,1060607,1051668,1042809,1033684,1024353,1015174,1006129,996971,987459,977747,967945,957848,947387,936669,925891,914848,903278,891366,879683,868627,857670,846496,835648,825596,816442,807869
8,Homens,0,BR,Brasil,1738602,1743710,1745086,1746341,1746945,1745892,1744801,1740291,1722089,1688839,1656457,1628485,1606072,1587513,1570047,1527854,1512319,1502123,1476138,1481570,1489959,1483483,1498213,1528297,1495426,1462926,1484009,1467222,1411140,1363913,1318357,1284663,1263787,1238065,1215939,1196130,1178144,1161995,1147559,1134153,1121598,1109899,1099237,1089316,1079631,1069857,1060415,1051482,1042628,1033509,1024182,1015006,1005965,996813,987302,977596,967798,957707,947247,936536,925760,914721,903153,891248,879567,868513,857558,846389,835542,825495,816344
9,Homens,0,BR,Brasil,1732099,1737897,1743025,1744416,1745689,1746324,1745301,1744227,1739716,1721529,1688206,1655764,1628023,1605790,1587299,1569831,1527596,1512035,1501846,1476081,1481675,1490057,1483460,1498103,1528224,1495334,1462823,1483887,1467090,1410997,1363753,1318196,1284495,1263613,1237886,1215758,1195937,1177946,1161792,1147349,1133933,1121379,1109684,1099029,1089112,1079435,1069669,1060227,1051298,1042452,1033335,1024015,1014840,1005807,996659,987151,977450,967657,957567,947111,936404,925630,914597,903032,891128,879452,868400,857449,846285,835439,825395
10,Homens,0,BR,Brasil,1732456,1731403,1737227,1742371,1743765,1745056,1745719,1744723,1743657,1739157,1720954,1687616,1655368,1627773,1605609,1587122,1569627,1527387,1511858,1501835,1476187,1481781,1490094,1483426,1498033,1528128,1495218,1462684,1483724,1466908,1410799,1363544,1317988,1284287,1263401,1237669,1215539,1195711,1177716,1161557,1147110,1133691,1121147,1109460,1098808,1088900,1079228,1069467,1060030,1051106,1042264,1033151,1023839,1014666,1005642,996498,986992,977297,967506,957423,946972,936272,925498,914471,902907,891008,879337,868285,857340,846178,835339
11,Homens,0,BR,Brasil,1742714,1731726,1730709,1736570,1741719,1743106,1744411,1745105,1744132,1743087,1738604,1720430,1687240,1655130,1627599,1605448,1586948,1569448,1527264,1511896,1501943,1476265,1481825,1490097,1483349,1497927,1527984,1495051,1462492,1483500,1466660,1410546,1363294,1317741,1284039,1263148,1237420,1215285,1195451,1177456,1161293,1146847,1133436,1120901,1109220,1098576,1088675,1079008,1069255,1059823,1050906,1042069,1032961,1023656,1014489,1005470,996330,986828,977139,967354,957274,946826,936137,925364,914342,902778,890888,879220,868171,857231,846074
12,Homens,0,BR,Brasil,1759445,1741946,1730976,1729977,1735868,1741037,1742437,1743745,1744448,1743501,1742503,1738079,1720033,1686939,1654896,1627399,1605259,1586766,1569305,1527261,1511979,1501993,1476272,1481829,1490032,1483260,1497803,1527820,1494857,1462267,1483239,1466391,1410284,1363034,1317486,1283781,1262888,1237158,1215023,1195187,1177190,1161029,1146592,1133187,1120657,1108986,1098348,1088455,1078795,1069048,1059622,1050709,1041878,1032774,1023474,1014314,1005303,996167,986670,976983,967207,957126,946684,936004,925234,914215,902658,890770,879107,868062,857123
13,Homens,0,BR,Brasil,1776774,1758545,1741084,1730143,1729152,1735076,1740278,1741689,1742990,1743689,1742760,1741853,1737533,1719572,1686525,1654513,1627053,1604950,1586527,1569213,1527214,1511917,1501889,1476168,1481749,1489926,1483124,1497635,1527614,1494619,1462005,1482957,1466112,1410013,1362767,1317220,1283515,1262620,1236891,1214752,1194915,1176919,1160769,1146342,1132943,1120420,1108756,1098130,1088240,1078585,1068844,1059424,1050519,1041691,1032594,1023301,1014146,1005138,996007,986517,976831,967060,956983,946547,935872,925106,914091,902538,890655,878996,867953
14,Homens,0,BR,Brasil,1789099,1775564,1757362,1739951,1729075,1728111,1734055,1739281,1740694,1741992,1742510,1741659,1740901,1736651,1718758,1685701,1653721,1626275,1604268,1586129,1568895,1526882,1511477,1501487,1475973,1481543,1489706,1482897,1497391,1527346,1494339,1461722,1482664,1465824,1409732,1362489,1316946,1283242,1262344,1236614,1214474,1194642,1176655,1160513,1146095,1132704,1120190,1108530,1097912,1088028,1078381,1068644,1059229,1050331,1041506,1032418,1023131,1013979,1004978,995850,986364,976685,966917,956843,946412,935741,924980,913970,902421,890543,878886
15,Homens,0,BR,Brasil,1794716,1787202,1773679,1755497,1738146,1727320,1726390,1732350,1737596,1739023,1739682,1740155,1739574,1738901,1734689,1716704,1683636,1651599,1624273,1602890,1585015,1567826,1525530,1510279,1500219,1474781,1480399,1488611,1481859,1496389,1526374,1493398,1460815,1481757,1464941,1408889,1361683,1316173,1282495,1261613,1235899,1213784,1193981,1176015,1159899,1145503,1132133,1119638,1108000,1097399,1087529,1077901,1068179,1058779,1049895,1041083,1032010,1022738,1013600,1004613,995499,986023,976355,966600,956539,946119,935457,924708,913708,902170,890304
16,Homens,0,BR,Brasil,1791018,1791978,1784462,1770982,1752857,1735548,1724747,1723841,1729836,1735106,1735123,1735442,1736472,1736096,1735451,1730988,1712861,1679573,1647604,1621380,1600648,1582895,1565102,1523022,1507633,1497757,1472522,1478288,1486651,1480069,1494737,1524745,1491836,1459312,1480254,1463484,1407507,1360358,1314913,1281283,1260439,1234767,1212697,1192939,1175014,1158933,1144578,1131238,1118773,1107167,1096596,1086754,1077150,1067456,1058080,1049221,1040428,1031379,1022130,1013017,1004047,994956,985496,975849,966116,956072,945672,935024,924293,913310,901792
17,Homens,0,BR,Brasil,1779073,1787685,1788636,1781158,1767748,1749680,1732392,1721614,1720744,1726777,1729601,1728722,1730095,1731599,1731278,1730203,1725426,1706829,1673444,1643125,1618059,1597506,1578644,1561026,1519527,1504467,1494900,1469999,1476041,1484680,1478388,1493159,1523161,1490312,1457844,1478787,1462053,1406151,1359057,1313671,1280092,1259288,1233663,1211637,1191926,1174037,1157995,1143673,1130366,1117932,1106354,1095810,1085999,1076418,1066749,1057401,1048565,1039796,1030765,1021540,1012446,1003499,994427,984986,975359,965648,955623,945236,934606,923896,912922
18,Homens,0,BR,Brasil,1765864,1775253,1783828,1784804,1777410,1764075,1746038,1728769,1718021,1717186,1719672,1720839,1721630,1723852,1725497,1724559,1722940,1717415,1698454,1667242,1638676,1613831,1591596,1572757,1556472,1515537,1500955,1491846,1467419,1473878,1482939,1476847,1491625,1521620,1488826,1456413,1477350,1460653,1404817,1357781,1312445,1278922,1258164,1232585,1210605,1190937,1173088,1157080,1142793,1129515,1117111,1105562,1095049,1085263,1075710,1066063,1056739,1047925,1039183,1030172,1020965,1011894,1002965,993912,984491,974882,965189,955180,944814,934201,923509
19,Homens,0,BR,Brasil,1749781,1761669,1770995,1779575,1780629,1773333,1760051,1742035,1724775,1714046,1708688,1708684,1712157,1714246,1716694,1717569,1715840,1713179,1707003,1690646,1661750,1633431,1606369,1583931,1567218,1551596,1511375,1497409,1488896,1465080,1472096,1481409,1475354,1490140,1520120,1487375,1455011,1475942,1459278,1403502,1356519,1311245,1277780,1257069,1231537,1209600,1189974,1172160,1156192,1141931,1128685,1116315,1104791,1094307,1084548,1075019,1065394,1056095,1047307,1038584,1029593,1020408,1011357,1002447,993414,984011,974421,964743,954751,944404,933810
20,Homens,0,BR,Brasil,1722069,1745259,1757061,1766365,1775025,1776202,1768986,1755724,1737699,1720440,1704453,1695840,1698687,1703880,1706299,1707860,1707724,1704719,1701114,1697844,1684278,1655625,1624664,1597154,1576855,1560954,1546130,1506757,1493538,1485744,1462663,1470009,1479348,1473338,1488137,1518102,1485426,1453132,1474061,1457438,1401750,1354850,1309675,1276288,1255637,1230165,1208285,1188715,1170951,1155033,1140813,1127610,1115277,1103790,1093344,1083615,1074125,1064529,1055263,1046501,1037809,1028846,1019690,1010665,1001781,992774,983397,973829,964173,954206,943882
21,Homens,0,BR,Brasil,1680200,1717241,1740316,1752068,1761445,1770260,1771542,1764349,1751060,1733014,1710070,1690230,1684870,1689758,1695365,1696843,1697219,1695655,1691488,1690956,1690800,1677462,1645902,1614269,1588776,1569421,1554418,1540470,1502034,1489638,1482643,1460009,1467393,1476763,1470813,1485625,1515577,1482992,1450785,1471708,1455141,1399582,1352796,1307742,1274457,1253877,1228482,1206675,1187169,1169466,1153609,1139441,1126289,1114006,1102567,1092164,1082480,1073028,1063476,1054247,1045523,1036867,1027938,1018818,1009824,1000975,991999,982652,973114,963488,953548
22,Homens,0,BR,Brasil,1628259,1675142,1712045,1735048,1746871,1756412,1765348,1766659,1759423,1746098,1722211,1695058,1678682,1675587,1680937,1685596,1685787,1684665,1681814,1680764,1683522,1683546,1667198,1634793,1605643,1581151,1562745,1548652,1535588,1498090,1486536,1479978,1457430,1464842,1474245,1468346,1483168,1513105,1480605,1448477,1469394,1452891,1397466,1350802,1305861,1272672,1252164,1226845,1205109,1185669,1168025,1152223,1138105,1125007,1112774,1101378,1091020,1081376,1071963,1062451,1053262,1044571,1035950,1027060,1017969,1009012,1000189,991247,981930,972420,962822
23,Homens,0,BR,Brasil,1571322,1623131,1669867,1706693,1729744,1741725,1751385,1760337,1761600,1754311,1735229,1706983,1683354,1669330,1666731,1671165,1674528,1673228,1670779,1670996,1673290,1676147,1673169,1655858,1626145,1598016,1574488,1556999,1543791,1531588,1494986,1483883,1477378,1454911,1462355,1471781,1465929,1480757,1510679,1478258,1446204,1467131,1450700,1395410,1348857,1304028,1270937,1250498,1225251,1203583,1184208,1166626,1150875,1136813,1123761,1111575,1100226,1089910,1080306,1070931,1061456,1052304,1043651,1035068,1026204,1017149,1008223,999430,990518,981232,971749
24,Homens,0,BR,Brasil,1516996,1566260,1617931,1664593,1701452,1724637,1736712,1746379,1755261,1756473,1743671,1720272,1695471,1674177,1660659,1657213,1660394,1662350,1659765,1660272,1663763,1666083,1666019,1662011,1647364,1618638,1591464,1568837,1552214,1539836,1528445,1492334,1481294,1474839,1452446,1459919,1469363,1463558,1478388,1508287,1475945,1443977,1464926,1448564,1393411,1346967,1302247,1269249,1248878,1223701,1202104,1182789,1165264,1149566,1135555,1122551,1110409,1099106,1088833,1079265,1069929,1060493,1051378,1042759,1034209,1025375,1016354,1007458,998694,989815,980554
25,Homens,0,BR,Brasil,1470379,1512093,1561240,1612842,1659513,1696476,1719722,1731779,1741372,1750197,1746262,1729313,1709192,1686643,1665843,1651562,1646954,1648852,1649615,1649829,1653462,1656897,1656429,1655312,1653674,1639899,1612085,1585794,1564008,1548188,1536588,1525623,1489620,1478639,1472238,1449922,1457421,1466884,1461122,1475954,1505827,1473583,1441723,1462693,1446404,1391386,1345053,1300447,1267542,1247239,1222136,1200608,1181355,1163890,1148247,1134288,1121332,1109240,1097980,1087746,1078222,1068923,1059524,1050449,1041860,1033349,1024546,1015559,1006691,997959,989112
26,Homens,0,BR,Brasil,1435717,1465658,1507271,1556351,1607960,1654694,1691685,1714890,1726858,1736403,1740498,1732677,1718789,1700806,1678734,1657248,1641918,1636174,1636981,1640372,1643499,1646981,1647798,1646301,1647234,1646354,1633381,1606402,1580921,1559907,1544827,1533636,1522733,1486838,1475918,1469571,1447332,1454855,1464333,1458616,1473451,1503322,1471191,1439441,1460434,1444219,1389336,1343119,1298628,1265816,1245584,1220557,1199099,1179910,1162505,1146918,1133008,1120106,1108062,1096847,1086656,1077175,1067916,1058551,1049516,1040963,1032488,1023717,1014762,1005929,997227
27,Homens,0,BR,Brasil,1410608,1431145,1460998,1502557,1551638,1603286,1650019,1686952,1710066,1721976,1727232,1727757,1722755,1710837,1693325,1670651,1648232,1631900,1625201,1628418,1634480,1637395,1638446,1638298,1638686,1640297,1640102,1627855,1601626,1576873,1556556,1541869,1530742,1519898,1484107,1473244,1466947,1444780,1452325,1461822,1456145,1470997,1500879,1468863,1437223,1458233,1442094,1387345,1341239,1296858,1264138,1243977,1219022,1197633,1178504,1161157,1145629,1131768,1118914,1106917,1095750,1085597,1076160,1066936,1057610,1048612,1040097,1031653,1022917,1013995,1005192
28,Homens,0,BR,Brasil,1387457,1406092,1426571,1456384,1497957,1547069,1598708,1645372,1682215,1705262,1713305,1715309,1718401,1715208,1703721,1685686,1662188,1638902,1621732,1617254,1622865,1628666,1629378,1629585,1631147,1632144,1634362,1634779,1623182,1597624,1573523,1553577,1538964,1527899,1517110,1481423,1470614,1464358,1442262,1449832,1459343,1453722,1468610,1498504,1466594,1435062,1456091,1440028,1385406,1339411,1295135,1262509,1242414,1217530,1196208,1177137,1159849,1144377,1130564,1117759,1105807,1094684,1084573,1075173,1065988,1056702,1047736,1039257,1030846,1022143,1013252
29,Homens,0,BR,Brasil,1363555,1382907,1401513,1421982,1451825,1493446,1542556,1594136,1640705,1677467,1697041,1702144,1706455,1711181,1708394,1696450,1677687,1653429,1629422,1614275,1611943,1617253,1621094,1621123,1622875,1624982,1626523,1629280,1630248,1619224,1594264,1570515,1550648,1536108,1525102,1514364,1478777,1468019,1461805,1439780,1447372,1456911,1451359,1466286,1496194,1464390,1432959,1454010,1438018,1383522,1337632,1293462,1260926,1240895,1216081,1194823,1175812,1158583,1143162,1129397,1116637,1104729,1093648,1083579,1074219,1065071,1055819,1046891,1038444,1030064,1021392
30,Homens,0,BR,Brasil,1343169,1358924,1378281,1396905,1417435,1447348,1488985,1538048,1589536,1636007,1669664,1686585,1693734,1699508,1704599,1701416,1688841,1669428,1644549,1622384,1609123,1606464,1610070,1613394,1614794,1617033,1619618,1621642,1624880,1626333,1615820,1591187,1567532,1547743,1533272,1522323,1511633,1476143,1465432,1459261,1437308,1444932,1454520,1449040,1464004,1493922,1462220,1430890,1451963,1436043,1381671,1335884,1291815,1259368,1239405,1214659,1193464,1174510,1157335,1141968,1128249,1115537,1103671,1092630,1082603,1073282,1064167,1054955,1046059,1037645,1029299
31,Homens,0,BR,Brasil,1326381,1338462,1354245,1373659,1392377,1412993,1442942,1484541,1533513,1584897,1628588,1659864,1678590,1687033,1693141,1697888,1694145,1681021,1661091,1637885,1617375,1603736,1599618,1602874,1607397,1609232,1611904,1614912,1617365,1621027,1622910,1612674,1588134,1564567,1544853,1530449,1519556,1508915,1473521,1462859,1456727,1434857,1442535,1452168,1446758,1461758,1491684,1460087,1428860,1449950,1434100,1379849,1334170,1290200,1257837,1237939,1213261,1192127,1173233,1156109,1140794,1127119,1114456,1102630,1091630,1081642,1072361,1063281,1054104,1045241,1036859
32,Homens,0,BR,Brasil,1311779,1321602,1333733,1349592,1369124,1387947,1408613,1438547,1480062,1528931,1577837,1619397,1652252,1672124,1680866,1686675,1690938,1686726,1673166,1654750,1632984,1612029,1597175,1592844,1597215,1602115,1604335,1607384,1610769,1613600,1617639,1619743,1609576,1585129,1561646,1542008,1527666,1516825,1506233,1470930,1460316,1454245,1432473,1440200,1449880,1444535,1459568,1489508,1458011,1426881,1447990,1432214,1378078,1332499,1288628,1256351,1236517,1211903,1190830,1171991,1154918,1139655,1126027,1113406,1101623,1090661,1080713,1071468,1062420,1053277,1044450
33,Homens,0,BR,Brasil,1298836,1306907,1316793,1329013,1344998,1364652,1383544,1404215,1434082,1475503,1522196,1569205,1612150,1646012,1666148,1674627,1680008,1683859,1679286,1667086,1649906,1627609,1605648,1590737,1587487,1592190,1597421,1599978,1603362,1607075,1610240,1614477,1616627,1606526,1582167,1558765,1539200,1524918,1514129,1503587,1468375,1457823,1451824,1430154,1437929,1447652,1442373,1457438,1487390,1455993,1424954,1446086,1430375,1376357,1330877,1287100,1254907,1235133,1210581,1189570,1170787,1153767,1138551,1124966,1112392,1100649,1089724,1079812,1070602,1061590,1052481
34,Homens,0,BR,Brasil,1284978,1293861,1301998,1311967,1324318,1340434,1360178,1379094,1399728,1429514,1469040,1514080,1562307,1606134,1640213,1660116,1668204,1673219,1676756,1673412,1662250,1644424,1621316,1599438,1585622,1582690,1587684,1593202,1596056,1599735,1603736,1607083,1611362,1613555,1603517,1579244,1555925,1536429,1522208,1511469,1500974,1465866,1455395,1449467,1427894,1435715,1445482,1440268,1455368,1485331,1454031,1423082,1444236,1428591,1374687,1329302,1285616,1253505,1233789,1209299,1188347,1169616,1152648,1137479,1123938,1111407,1099703,1088818,1078940,1069765,1060787
35,Homens,0,BR,Brasil,1267016,1279885,1288829,1297044,1307135,1319626,1335852,1355643,1374548,1395133,1423284,1461384,1507497,1556494,1600497,1634354,1653894,1661645,1666394,1671027,1668549,1656613,1638136,1615277,1594226,1580733,1578086,1583338,1589113,1592231,1596170,1600336,1603730,1608052,1610295,1600325,1576143,1552912,1533493,1519338,1508652,1498226,1463246,1452856,1447002,1425528,1433399,1443212,1438066,1453197,1483172,1451972,1421122,1442298,1426720,1372933,1327649,1284061,1252030,1232378,1207955,1187064,1168389,1151476,1136354,1122860,1110372,1098709,1087862,1078020,1068885
36,Homens,0,BR,Brasil,1243174,1261797,1274722,1283732,1292060,1302293,1314917,1331223,1351029,1369906,1389096,1416014,1455064,1501848,1550986,1594776,1628291,1647514,1655027,1660765,1666099,1662735,1650283,1632217,1609911,1589185,1575978,1573589,1579073,1585074,1588430,1592520,1596743,1600189,1604557,1606852,1596952,1572867,1549731,1530398,1516313,1505704,1495365,1460517,1450215,1444434,1423064,1430982,1440846,1435765,1450932,1480917,1449821,1419074,1440272,1424765,1371104,1325921,1282434,1250491,1230902,1206551,1185718,1167103,1150248,1135174,1121730,1109288,1097666,1086859,1077059
37,Homens,0,BR,Brasil,1214623,1237825,1256498,1269475,1278586,1287061,1297434,1310162,1326501,1346308,1363987,1382134,1409887,1449521,1496422,1545362,1588835,1622057,1641068,1649455,1655751,1660090,1656308,1644416,1626941,1604942,1584505,1571555,1569394,1575084,1581283,1584782,1588928,1593203,1596697,1601116,1603457,1593630,1569643,1546601,1527347,1513351,1502829,1492580,1457859,1447642,1441935,1420663,1428630,1438538,1433527,1448728,1478726,1447731,1417082,1438300,1422863,1369320,1324243,1280857,1248994,1229470,1205189,1184413,1165857,1149055,1134031,1120631,1108233,1096656,1085888
38,Homens,0,BR,Brasil,1186113,1209147,1232391,1251108,1264172,1273416,1282038,1292516,1305291,1321645,1340427,1357220,1376128,1404402,1444145,1490870,1539529,1582730,1615767,1635548,1644347,1649540,1653526,1650437,1639233,1622022,1600298,1580120,1567404,1565442,1571314,1577633,1581193,1585396,1589721,1593264,1597729,1600120,1590361,1566473,1543519,1524363,1510462,1500030,1489866,1455271,1445136,1439502,1418326,1426342,1436297,1431349,1446583,1476596,1445696,1415144,1436382,1421017,1367589,1322609,1279322,1247541,1228076,1203864,1183148,1164646,1147896,1132921,1119566,1107212,1095677
39,Homens,0,BR,Brasil,1154978,1180513,1203577,1226856,1245645,1258829,1268214,1276926,1287442,1300240,1315727,1333764,1351250,1370643,1399034,1438632,1485121,1533556,1576584,1610300,1630340,1637928,1642822,1647584,1645345,1634366,1617397,1595917,1575975,1563471,1561690,1567672,1574046,1577667,1581923,1586296,1589889,1594396,1596839,1587145,1563353,1540505,1521455,1507646,1497303,1487219,1452748,1442694,1437131,1416052,1424117,1434113,1429231,1444496,1474523,1443720,1413257,1434521,1419220,1365905,1321026,1277834,1246128,1226724,1202577,1181920,1163475,1146771,1131845,1118537,1106223
40,Homens,0,BR,Brasil,1122510,1149246,1174811,1197898,1221236,1240119,1253424,1262887,1271625,1282166,1294227,1309094,1327770,1345721,1365244,1393533,1432946,1479249,1527539,1571137,1604979,1623695,1631010,1636753,1641922,1639882,1629125,1612393,1591159,1571449,1559150,1557506,1563554,1569988,1573677,1577993,1582422,1586073,1590631,1593133,1583518,1559849,1537128,1518201,1504495,1494248,1484254,1449922,1439959,1434469,1413498,1421616,1431660,1426848,1442146,1472184,1441489,1411132,1432417,1417190,1364006,1319236,1276152,1244530,1225192,1201117,1180525,1162140,1145495,1130621,1117362
41,Homens,0,BR,Brasil,1089543,1116649,1143404,1168975,1192103,1215522,1234503,1247858,1257341,1266106,1276015,1287579,1303035,1322159,1340264,1359725,1387868,1427137,1473306,1522087,1565677,1598081,1616565,1624777,1630526,1635864,1634020,1623481,1606987,1586000,1566522,1554398,1552855,1558972,1565473,1569236,1573623,1578116,1581830,1586445,1589015,1579503,1555985,1533402,1514607,1501016,1490873,1480983,1446799,1436932,1431528,1410671,1418846,1428937,1424205,1439542,1469590,1439015,1408770,1430080,1414937,1361893,1317244,1274275,1242752,1223485,1199490,1178971,1160652,1144068,1129252
42,Homens,0,BR,Brasil,1055530,1083541,1110655,1137408,1162998,1186190,1209690,1228711,1242069,1251574,1259801,1269300,1281417,1297306,1316593,1334665,1354025,1382056,1421228,1467816,1516469,1558523,1590721,1610176,1618660,1624565,1630058,1628391,1618053,1601781,1581023,1561732,1549743,1548295,1554479,1561049,1564884,1569337,1573896,1577670,1582344,1584990,1575589,1552220,1529775,1511103,1497627,1487583,1477791,1443758,1433985,1428664,1407918,1416148,1426287,1421631,1437007,1467066,1436607,1406474,1427808,1412742,1359838,1315307,1272454,1241020,1221829,1197912,1177461,1159206,1142686
43,Homens,0,BR,Brasil,1020693,1049378,1077382,1104481,1131240,1156878,1180138,1203675,1222687,1236059,1245094,1252976,1262982,1275506,1291572,1310848,1328860,1348146,1376109,1415665,1462040,1509060,1550967,1584207,1604167,1612783,1618830,1624465,1622960,1612812,1596745,1576182,1557044,1545184,1543826,1550078,1556712,1560619,1565135,1569756,1573592,1578333,1581061,1571777,1548548,1526237,1507687,1494326,1484382,1474685,1440796,1431115,1425877,1405239,1413517,1423708,1419127,1434539,1464610,1434262,1404239,1425595,1410608,1357840,1313427,1270683,1239340,1220218,1196375,1175992,1157804
44,Homens,0,BR,Brasil,985129,1014393,1043049,1071020,1098113,1124910,1150610,1173904,1197426,1216441,1229396,1238124,1246451,1256833,1269545,1285617,1304867,1322843,1342101,1370436,1409720,1454379,1501331,1544367,1578336,1598378,1607118,1613294,1619059,1617707,1607739,1591845,1571443,1552458,1540719,1539450,1545769,1552464,1556440,1561018,1565700,1569605,1574425,1577236,1568059,1544970,1522792,1504361,1491107,1481260,1471660,1437911,1428321,1423162,1402629,1410959,1421201,1416690,1432140,1462224,1431983,1402065,1423445,1408538,1355899,1311596,1268961,1237708,1218654,1194886,1174568
45,Homens,0,BR,Brasil,948733,978671,1007882,1036494,1064440,1091567,1118416,1144159,1167438,1190946,1209579,1222260,1231365,1240026,1250597,1263349,1279413,1298670,1316667,1336292,1364314,1401809,1446457,1494657,1537738,1571724,1591840,1600702,1607014,1612910,1611719,1601925,1586199,1565976,1547163,1535564,1534396,1540788,1547558,1551609,1556257,1561018,1565015,1569920,1572823,1563768,1540833,1518808,1500510,1487376,1477640,1468143,1434556,1425065,1419996,1399585,1407967,1418259,1413833,1429321,1459418,1429301,1399503,1420904,1406085,1353598,1309422,1266913,1235762,1216788,1193103
46,Homens,0,BR,Brasil,911911,942125,971983,1001130,1029709,1057680,1084855,1111738,1137466,1160720,1183877,1202245,1215245,1224653,1233489,1244107,1256891,1272996,1292332,1310692,1329962,1356124,1393669,1439679,1487338,1530371,1564362,1584551,1593544,1599992,1606027,1604985,1595363,1579824,1559806,1541183,1529738,1528682,1535154,1542003,1546139,1550875,1555736,1559831,1564829,1567832,1558911,1536150,1514296,1496146,1483145,1473531,1464151,1430744,1421362,1416390,1396112,1404552,1414897,1410562,1426093,1456197,1426221,1396559,1417983,1403260,1350944,1306916,1264547,1233512,1214624
47,Homens,0,BR,Brasil,875570,905146,935264,965041,994141,1022728,1050740,1077941,1104805,1130490,1153423,1176328,1194965,1208231,1217813,1226698,1237354,1250213,1266420,1286128,1304093,1321440,1347719,1386720,1432655,1480238,1523223,1557215,1577473,1586582,1593161,1599314,1598406,1588946,1573592,1553771,1535334,1524038,1523090,1529645,1536568,1540796,1545628,1550584,1554779,1559865,1562963,1554177,1531587,1509894,1491892,1479020,1469521,1460258,1427022,1417750,1412872,1392721,1401223,1411622,1407373,1422950,1453057,1423220,1393692,1415134,1400509,1348358,1304475,1262240,1231317
48,Homens,0,BR,Brasil,840012,868652,898126,928141,957859,986941,1015557,1043576,1070747,1097546,1122933,1145640,1168763,1187636,1201048,1210682,1219615,1230349,1243329,1259886,1279162,1295164,1312694,1340549,1379981,1425833,1473343,1516276,1550263,1570584,1579805,1586497,1592751,1591974,1582675,1567498,1547869,1529611,1518462,1517621,1524251,1531257,1535584,1540511,1545560,1549848,1555024,1558216,1549558,1527135,1505600,1487744,1474996,1465613,1456461,1423397,1414228,1409445,1389420,1397980,1408431,1404268,1419884,1449997,1420295,1390897,1412358,1397828,1345841,1302098,1259996
49,Homens,0,BR,Brasil,805215,832946,861470,890842,920768,950444,979536,1008126,1036094,1063181,1089705,1114891,1137787,1161127,1180115,1193559,1203227,1212234,1223080,1236383,1252455,1269730,1286016,1305219,1334048,1373424,1419200,1466632,1509515,1543494,1563875,1573192,1579985,1586339,1585689,1576546,1561541,1542100,1524013,1513006,1512272,1518982,1526078,1530501,1535520,1540659,1545040,1550299,1553586,1545054,1522791,1501413,1483698,1471071,1461800,1452760,1419861,1410796,1406101,1386201,1394821,1405320,1401239,1416896,1447016,1417444,1388170,1409656,1395216,1343391,1299785
50,Homens,0,BR,Brasil,771056,797993,825612,854016,883300,913148,942804,971841,1000344,1028211,1055043,1081396,1106752,1129818,1153255,1172237,1185704,1195431,1204528,1215659,1228426,1242487,1260127,1278202,1297505,1326323,1365626,1411303,1458631,1501447,1535411,1555847,1565268,1572179,1578647,1578144,1569184,1554388,1535165,1517285,1506449,1505843,1512656,1519855,1524389,1529513,1534756,1539243,1544604,1547998,1539613,1517540,1496344,1478796,1466312,1457175,1448260,1415561,1406617,1402026,1382273,1390955,1401512,1397526,1413224,1443351,1413933,1384808,1406317,1391987,1340356
51,Homens,0,BR,Brasil,737079,763675,790494,817995,846288,875478,905278,934854,963765,992144,1019766,1046460,1072956,1098461,1121583,1144996,1163962,1177471,1187281,1196621,1207158,1217882,1232421,1251945,1269266,1288609,1317401,1356617,1402169,1449376,1492102,1526039,1546529,1556067,1563111,1569709,1569377,1560625,1546067,1527093,1509457,1498825,1498374,1505301,1512612,1517269,1522516,1527874,1532481,1537959,1541473,1533258,1511399,1490416,1473054,1460741,1451752,1442982,1410514,1401705,1397233,1377649,1386399,1397019,1393144,1408888,1439017,1409778,1380826,1402357,1388156
52,Homens,0,BR,Brasil,702832,729548,756023,782718,810098,838272,867394,897090,926510,955273,983414,1010904,1037720,1064335,1089864,1112927,1136317,1155296,1168873,1178888,1187571,1195998,1207298,1223833,1243204,1260567,1279949,1308713,1347842,1393269,1440355,1482991,1516896,1537436,1547087,1554259,1560982,1560815,1552268,1537939,1519210,1501817,1491390,1491088,1498129,1505550,1510328,1515691,1521164,1525887,1531474,1535105,1527054,1505411,1484632,1467457,1455305,1446462,1437835,1405589,1396913,1392559,1373139,1381955,1392636,1388866,1404659,1434783,1405725,1376941,1398495
53,Homens,0,BR,Brasil,668214,695179,721767,748114,774672,801916,829994,858998,888516,917766,946291,974288,1001865,1028764,1055385,1080821,1103843,1127233,1146265,1160012,1169285,1175732,1184803,1198226,1215296,1234692,1252098,1271511,1300248,1339287,1384592,1431552,1474101,1507971,1528556,1538321,1545617,1552462,1552453,1544107,1529998,1511517,1494363,1484140,1483982,1491134,1498662,1503559,1509032,1514619,1519454,1525152,1528895,1521005,1499571,1478991,1461996,1450000,1441300,1432812,1400783,1392238,1387997,1368740,1377619,1388360,1384693,1400531,1430656,1401769,1373152
54,Homens,0,BR,Brasil,633985,660459,687293,713738,739934,766350,793473,821424,850240,879562,908558,936931,964964,992577,1019451,1045969,1071349,1094359,1117787,1136956,1149874,1156730,1163826,1175164,1189869,1206975,1226397,1243842,1263281,1291992,1330945,1376128,1422965,1465423,1499260,1519893,1529763,1537179,1544143,1544290,1536136,1522250,1504012,1487095,1477071,1477050,1484311,1491943,1496953,1502538,1508233,1513181,1518983,1522838,1515103,1493873,1473487,1456666,1444825,1436264,1427911,1396095,1387675,1383549,1364445,1373389,1384191,1380623,1396503,1426626,1397908
55,Homens,0,BR,Brasil,600152,626142,652486,679155,705436,731475,757756,784744,812496,841103,870153,898971,927338,955354,982912,1009658,1036116,1061478,1084521,1108038,1126276,1136580,1144064,1153567,1165106,1179867,1197013,1216455,1233940,1253409,1282074,1320915,1365944,1412624,1454966,1488751,1509433,1519422,1526975,1534077,1534403,1526482,1512867,1494912,1478272,1468473,1468615,1475995,1483743,1488884,1494594,1500413,1505486,1511404,1515386,1507832,1486843,1466686,1450072,1438412,1430012,1421821,1390257,1381984,1377986,1359066,1368077,1378943,1375493,1391414,1421530
56,Homens,0,BR,Brasil,568408,592211,618070,644237,670725,696844,722731,748859,775649,803173,831495,860338,889107,917410,945349,972752,999414,1025852,1051228,1074339,1096814,1112253,1123135,1133175,1141828,1153458,1168276,1185461,1204918,1222441,1241930,1270541,1309245,1354088,1400580,1442778,1476501,1497227,1507351,1515055,1522313,1522843,1515190,1501883,1484259,1467929,1458387,1458712,1466222,1474103,1479382,1485234,1491185,1496401,1502446,1506571,1499222,1478511,1458618,1442243,1430788,1422573,1414564,1383291,1375186,1371331,1352621,1361706,1372639,1369323,1385286
57,Homens,0,BR,Brasil,540989,560332,584008,609684,635670,661993,687957,713680,739604,766150,793372,821465,850207,878878,907066,934828,962124,988742,1015185,1040586,1062561,1082107,1098070,1111608,1121650,1130417,1142131,1157004,1174217,1193688,1211247,1230756,1259313,1297876,1342540,1388842,1430900,1464559,1485329,1495579,1503433,1510843,1511577,1504188,1491175,1473874,1457844,1448553,1449052,1456692,1464698,1470115,1476100,1482184,1487534,1493710,1497968,1490820,1470377,1450741,1434600,1423343,1415306,1407475,1376485,1368547,1364828,1346330,1355486,1366482,1363292
58,Homens,0,BR,Brasil,518895,532699,551930,575435,600952,626801,652986,678773,704282,729950,756174,783135,811099,839708,868232,896212,923821,951040,977620,1004064,1028245,1047224,1067252,1085943,1100298,1110434,1119313,1131103,1146028,1163272,1182753,1200344,1219875,1248376,1286803,1331287,1377406,1419324,1452917,1473728,1484106,1492105,1499667,1500604,1493463,1480739,1463749,1448012,1438963,1439634,1447396,1455526,1461076,1467190,1473401,1478879,1485183,1489569,1482618,1462434,1443051,1427134,1416073,1408209,1400554,1369841,1362061,1358476,1340180,1349406,1360467
59,Homens,0,BR,Brasil,500655,510312,524035,543115,566499,591932,617684,643695,669250,694488,719814,745750,772539,800354,828787,857065,884846,912323,939445,965988,991144,1012342,1031803,1054556,1074893,1089301,1099524,1108506,1120374,1135339,1152610,1172104,1189726,1209276,1237722,1276014,1320322,1366260,1408044,1441568,1462418,1472920,1481068,1488775,1489904,1483012,1470564,1453874,1438420,1429611,1430447,1438330,1446575,1452255,1458496,1464832,1470434,1476856,1481371,1474612,1454680,1435540,1419843,1408971,1401280,1393792,1363349,1355724,1352271,1334171,1343468
60,Homens,0,BR,Brasil,484354,491743,501336,514961,533964,557333,582721,608310,634069,659332,684213,709218,734954,761573,789185,817332,845348,872932,900259,927304,952510,974702,996419,1018596,1041403,1061714,1076169,1086491,1095587,1107533,1122542,1139838,1159342,1176994,1196554,1224928,1263049,1307134,1352846,1394453,1427891,1448781,1459428,1467741,1475615,1476966,1470360,1458232,1441897,1426782,1418246,1419272,1427289,1435660,1441488,1447873,1454349,1460094,1466647,1471311,1464772,1445142,1426291,1410856,1400207,1392716,1385424,1355305,1347861,1344562,1326698
61,Homens,0,BR,Brasil,467504,475108,482468,491990,505597,524650,548032,573264,598584,624032,648910,673441,698214,723777,750176,777462,805282,833031,860410,887624,913274,935544,958301,982687,1003482,1026208,1046478,1060980,1071412,1080630,1092663,1107719,1125041,1144542,1162219,1181788,1210064,1247981,1291800,1337242,1378637,1411964,1432901,1443709,1452200,1460258,1461859,1455576,1443817,1427883,1413151,1404923,1406165,1414329,1422845,1428830,1435375,1442003,1447910,1454612,1459439,1453151,1433869,1415351,1400215,1389821,1382558,1375490,1345747,1338509,1335387
62,Homens,0,BR,Brasil,448884,457944,465529,472854,482386,496094,515200,538446,563409,588407,613471,637972,662250,686827,712156,738191,765107,792607,820088,847313,873052,895767,918648,944037,968097,988836,1011480,1031705,1046248,1056781,1066114,1078234,1093336,1110680,1130175,1147878,1167448,1195625,1233338,1276894,1322072,1363260,1396486,1417460,1428416,1437081,1445315,1447160,1441185,1429785,1414241,1399875,1391951,1393400,1401702,1410356,1416498,1423192,1429971,1436029,1442875,1447860,1441813,1422873,1404675,1389828,1379683,1372639,1365790,1336412,1329376
63,Homens,0,BR,Brasil,427310,439042,448078,455620,462966,472591,486384,505390,528378,553048,577691,602389,626616,650686,675002,699932,725559,752105,779304,806576,832233,854982,878353,903815,930022,953966,974639,997199,1017379,1031960,1042587,1052032,1064232,1079378,1096737,1116226,1133949,1153517,1181595,1219109,1262403,1307321,1348311,1381434,1402442,1413544,1422375,1430776,1432849,1427176,1416123,1400955,1386947,1379312,1380959,1389399,1398181,1404479,1411316,1418235,1424444,1431430,1436564,1430753,1412139,1394254,1379695,1369791,1362957,1356315,1327295
64,Homens,0,BR,Brasil,403833,417222,428908,437879,445401,452804,462517,476236,495037,517779,542157,566467,590894,614889,638678,662550,687034,712276,738493,765434,791011,813589,837000,862929,890391,916440,940266,960876,983349,1003481,1018096,1028814,1038366,1050643,1065826,1083199,1102677,1120416,1139975,1167959,1205274,1248319,1292984,1333778,1366798,1387837,1399074,1408064,1416627,1418921,1413538,1402820,1388018,1374353,1367001,1368836,1377406,1386314,1392760,1399733,1406792,1413141,1420260,1425544,1419960,1401661,1384086,1369797,1360129,1353503,1347061
65,Homens,0,BR,Brasil,380306,393517,406834,418409,427309,434834,442293,451971,465542,484167,506695,530817,554844,579027,602709,626024,649400,673493,698388,724298,749423,771820,795044,820959,846894,874108,899944,923607,944124,966473,986530,1001171,1011980,1021645,1033994,1049202,1066567,1086013,1103750,1123282,1151122,1188172,1230890,1275216,1315741,1348608,1369657,1381038,1390197,1398935,1401475,1396427,1386101,1371730,1358474,1351448,1353500,1362209,1371247,1377856,1384978,1392187,1398692,1405958,1411402,1406083,1388170,1370963,1357001,1347611,1341230
66,Homens,0,BR,Brasil,358263,369775,382880,396051,407497,416343,423896,431348,440943,454403,472889,495219,519086,542839,566683,589856,612643,635607,659361,683899,707869,729724,752744,778441,802555,828198,855109,880682,904140,924527,946717,966670,981328,992227,1002004,1014420,1029637,1046980,1066368,1084083,1103564,1131219,1167940,1210247,1254152,1294337,1326996,1348035,1359565,1368898,1377822,1380634,1375963,1366085,1352205,1339417,1332762,1335055,1343907,1353087,1359866,1367149,1374519,1381191,1388614,1394234,1389215,1371749,1354970,1341388,1332317
67,Homens,0,BR,Brasil,337791,347541,358928,371863,384873,396222,405063,412625,420032,429561,442926,461264,483358,506953,530349,553678,576300,598662,621268,644638,667158,687757,710201,735688,760985,784833,810191,836803,862112,885368,905622,927656,947506,962170,973153,983033,995502,1010724,1028038,1047367,1065053,1084482,1111953,1148351,1190254,1233745,1273593,1306043,1327071,1338732,1348233,1357329,1360401,1356092,1346643,1333238,1320899,1314603,1317121,1326108,1335417,1342360,1349797,1357320,1364150,1371718,1377507,1372779,1355743,1339378,1326166
68,Homens,0,BR,Brasil,319475,326924,336551,347762,360542,373438,384762,393592,401109,408442,417868,431119,449249,471103,494360,517261,540047,562224,584212,606402,627718,646802,667919,692862,719195,744185,767768,792842,819157,844207,867256,887383,909261,929005,943669,954724,964701,977211,992440,1009719,1028978,1046637,1066010,1093301,1129378,1170883,1213968,1253483,1285727,1306735,1318520,1328179,1337438,1340755,1336792,1327750,1314805,1302899,1296942,1299677,1308796,1318229,1325326,1332905,1340574,1347553,1355261,1361208,1356761,1340140,1324174
69,Homens,0,BR,Brasil,303024,308495,315846,325324,336408,349105,361961,373238,381967,389370,396536,405838,418922,436860,458428,481252,503636,525978,547760,569306,589435,607275,626788,650449,677332,703317,728001,751326,776115,802140,826938,849784,869780,891506,911140,925797,936917,946981,959528,974750,991991,1011184,1028807,1048124,1075236,1110996,1152113,1194798,1233982,1266023,1287005,1298905,1308711,1318121,1321676,1318041,1309394,1296889,1285398,1279767,1282710,1291949,1301501,1308743,1316459,1324265,1331386,1339227,1345324,1341145,1324927
70,Homens,0,BR,Brasil,287666,291977,297385,304627,314015,325046,337713,350464,361569,370118,377275,384283,393463,406438,424150,445347,467713,489639,511556,532896,552378,569024,587175,609290,633032,659437,684991,709283,732273,756703,782348,806817,829394,849201,870700,890166,904776,915926,926047,938598,953767,970918,989987,1007525,1026729,1053574,1088907,1129503,1171653,1210384,1242124,1263021,1275003,1284934,1294469,1298253,1294971,1286750,1274736,1263705,1258421,1261572,1270911,1280554,1287922,1295757,1303681,1310926,1318884,1325115,1321232
71,Homens,0,BR,Brasil,272545,276568,280858,286203,293395,302765,313759,326274,338779,349624,357841,364806,371741,380880,393713,411122,431905,453822,475296,496730,516054,532054,548901,569662,590238,613485,639327,664363,688189,710766,734761,759950,784013,806253,825804,847014,866249,880766,891913,902063,914578,929652,946663,965551,982953,1001982,1028479,1063274,1103223,1144707,1182865,1214209,1234953,1246989,1257018,1266656,1270661,1267750,1259987,1248506,1237975,1233066,1236415,1245827,1255537,1263012,1270947,1278969,1286325,1294375,1300733
72,Homens,0,BR,Brasil,257005,261398,265406,269648,274978,282177,291511,302325,314541,326737,337190,345170,352090,359023,368064,380651,397701,418050,439511,460500,479940,495832,511915,531348,551852,572017,594781,620077,644606,667977,690154,713718,738469,762136,784036,803334,824251,843259,857677,868811,878976,891455,906428,923300,942002,959263,978111,1004265,1038530,1077851,1118682,1156278,1187227,1207817,1219895,1230008,1239737,1243951,1241382,1234062,1223084,1213033,1208480,1212012,1221492,1231256,1238828,1246856,1254965,1262422,1270555
73,Homens,0,BR,Brasil,240649,245763,250114,254055,258278,263626,270803,279965,290482,302368,314166,324340,332260,339166,346004,354821,367097,383753,403677,424676,443724,459818,475701,494251,514743,534819,554582,576881,601643,625678,648606,670388,693537,717858,741130,762699,781743,802372,821147,835463,846577,856748,869187,884057,900778,919297,936414,955080,980897,1014639,1053341,1093535,1130578,1161136,1181570,1193678,1203866,1213677,1218080,1215840,1208938,1198443,1188850,1184632,1188337,1197871,1207685,1215347,1223455,1231643,1239192
74,Homens,0,BR,Brasil,223357,229301,234292,238515,242400,246640,251988,259030,267938,278160,289668,301168,311239,319072,325840,332441,340971,352914,369207,388720,407843,423684,439705,457881,478809,498860,518519,537888,559731,583977,607534,630030,651430,674173,698068,720958,742198,760986,781330,799876,814083,825174,835344,847733,862497,879065,897395,914366,932851,958331,991568,1029664,1069230,1105731,1135902,1156174,1168303,1178554,1188433,1193016,1191088,1184581,1174546,1165388,1161494,1165360,1174939,1184796,1192540,1200718,1208977
75,Homens,0,BR,Brasil,203629,211906,217622,222405,226522,230405,234674,239946,246799,255462,265369,276563,287886,297780,305392,311894,318242,326503,338174,354120,371853,387912,403637,421744,439755,460068,479552,498675,517536,538786,562367,585306,607237,628127,650330,673661,696030,716821,735253,755201,773416,787443,798458,808588,820863,835450,851784,869834,886573,904787,929793,962335,999614,1038336,1074099,1103722,1123738,1135843,1146117,1156032,1160795,1159215,1153170,1143681,1135037,1131510,1135540,1145138,1155002,1162806,1171033
76,Homens,0,BR,Brasil,186353,193885,200068,205494,210121,214218,218152,222401,227555,234210,242601,252209,263160,274205,283792,291104,297371,303519,311596,322995,337260,352087,368000,385611,401390,418757,438331,457129,475603,493842,514374,537155,559341,580582,600844,622381,645011,666735,686958,704934,724374,742160,755938,766827,776867,788976,803310,819329,837008,853434,871284,895685,927359,963618,1001290,1036119,1065044,1084707,1096737,1107000,1116917,1121850,1120649,1115124,1106259,1098198,1095084,1099276,1108854,1118694,1126537
77,Homens,0,BR,Brasil,169330,175589,182013,187845,193067,197645,201788,205721,209894,214896,221316,229421,238733,249353,260021,269287,276370,282467,288484,296335,306133,317675,332335,349983,367005,382231,398979,417841,435987,453834,471470,491319,513331,534792,555366,575020,595908,617859,638957,658628,676159,695100,712468,725992,736747,746690,758624,772702,788408,805719,821830,839323,863128,893963,929231,965884,999813,1028050,1047362,1059307,1069541,1079446,1084528,1083677,1078638,1070358,1062844,1060112,1064446,1073999,1083800
78,Homens,0,BR,Brasil,152630,157651,163889,169922,175503,180621,185188,189298,193147,197178,201980,208137,215950,224919,235157,245485,254495,261388,267339,273135,279447,286679,298088,314406,333101,349494,364183,380335,398520,416036,433282,450341,469531,490805,511564,531497,550563,570821,592115,612604,631740,648833,667288,684244,697517,708128,717967,729719,743542,758937,775884,791682,808816,832043,862061,896372,932034,965085,992655,1011615,1023463,1033655,1043540,1048749,1048222,1043635,1035904,1028905,1026526,1030987,1040501
79,Homens,0,BR,Brasil,136418,140638,146317,152160,157897,163314,168312,172760,176717,180398,184253,188844,194726,202259,210880,220778,230812,239564,246228,251899,256187,260100,267243,280313,299239,317208,332997,347171,362755,380288,397199,413868,430373,448929,469495,489578,508890,527387,547035,567692,587595,606208,622874,640852,657407,670426,680890,690614,702184,715753,730831,747419,762902,779687,802351,831573,864956,899660,931855,958772,977383,989125,999268,1009116,1014439,1014207,1010041,1002826,996310,994260,998835
80,Homens,0,BR,Brasil,120886,125601,130578,135572,140466,145238,151302,156048,160265,164002,167526,171211,175577,181261,188513,196807,206363,216051,224459,230766,234932,236975,240863,249693,263049,280979,298028,313048,326561,341410,358106,374240,390162,405943,423675,443318,462520,481008,498745,517587,537397,556507,574412,590478,607803,623786,636422,646637,656148,667419,680598,695214,711278,726294,742564,764438,792572,824693,858087,889107,915106,933179,944703,954702,964419,969807,969883,966190,959570,953608,951918
81,Homens,0,BR,Brasil,106242,110055,114311,118845,123597,128540,134474,139303,143726,147670,151265,154654,158157,162396,167873,174814,182726,191848,201099,209062,213882,215936,218001,223586,230801,243307,260066,276032,290137,302850,316817,332517,347712,362730,377630,394365,412891,431030,448516,465319,483166,501935,520071,537092,552404,568905,584162,596290,606155,615363,626227,638886,652905,668287,682692,698291,719162,745937,776487,808249,837795,862626,879993,891192,900950,910444,915850,916235,913049,907092,901747
82,Homens,0,BR,Brasil,92624,95762,99474,103631,108187,113084,118121,122826,127262,131371,135165,138642,141869,145294,149367,154544,161090,168517,177124,185867,192387,195219,197317,201036,206671,213490,225204,240876,255830,269077,281045,294187,308954,323270,337436,351510,367306,384782,401915,418456,434372,451283,469070,486280,502461,517049,532767,547325,558961,568477,577384,587850,600003,613441,628170,641985,656930,676848,702332,731391,761603,789750,813462,830150,841017,850529,859790,865194,865848,863118,857765
83,Homens,0,BR,Brasil,80168,82883,86233,90085,94356,98964,102568,106904,111183,115276,119221,122902,126206,129357,132636,136414,141190,147238,154137,162209,169560,174220,177080,180734,185834,191175,197615,208593,223252,237267,249709,260977,273347,287247,300735,314101,327396,342304,358794,374981,390629,405709,421733,438590,454922,470304,484203,499171,513062,524217,533393,541997,552073,563738,576616,590713,603962,618278,637281,661539,689181,717923,744739,767384,783409,793952,803205,812230,817613,818501,816184
84,Homens,0,BR,Brasil,68983,71430,74507,78046,81915,86002,88149,91889,95793,99708,103621,107432,110899,114095,117083,120056,123456,127762,133301,139682,146449,152052,156696,160955,167070,171906,176965,183045,193337,207059,220191,231885,242498,254146,267231,279942,292558,305112,319186,334750,350048,364853,379142,394326,410306,425807,440425,453669,467922,481172,491867,500705,509010,518703,529895,542233,555725,568424,582133,600265,623358,649657,677003,702553,724177,739566,749779,758780,767563,772904,773992
85,Homens,0,BR,Brasil,59175,61378,64131,67249,70562,73937,77197,80270,83109,85841,88672,92406,95951,99247,102231,104907,107525,110518,114393,119442,124622,129757,135261,141096,145165,150806,155296,159999,165628,175080,187651,199709,210477,220272,231027,243096,254837,266509,278137,291161,305563,319732,333475,346753,360864,375719,390151,403783,416164,429485,441894,451965,460331,468213,477378,487932,499542,512227,524192,537095,554084,575668,600229,625775,649669,669959,684482,694225,702844,711261,716492
86,Homens,0,BR,Brasil,50827,52650,54881,57357,59918,62465,64988,67353,69619,71981,74704,78154,81555,84849,87886,90540,92901,95193,97852,101297,105250,108890,113827,120293,123796,127496,132583,136666,140944,146047,154534,165793,176615,186309,195156,204871,215762,226375,236943,247487,259287,272325,285176,297660,309746,322589,336112,349269,361727,373072,385269,396664,405969,413747,421095,429603,439369,450094,461792,472857,484776,500389,520167,542653,566051,587969,606645,620106,629241,637363,645303
87,Homens,0,BR,Brasil,44047,45192,46538,48027,49605,51259,53188,55151,57175,59410,62086,65019,68064,71142,74116,76821,79201,81334,83393,85697,88149,90640,93948,99616,105546,108733,112098,116684,120395,124283,128909,136533,146622,156336,165068,173060,181837,191667,201267,210834,220395,231089,242899,254555,265896,276897,288589,300898,312897,324277,334670,345845,356303,364893,372119,378965,386848,395884,405786,416575,426800,437804,452149,470273,490864,512296,532402,549594,562063,570619,578260
88,Homens,0,BR,Brasil,38924,38951,38882,38924,39250,40003,41633,43706,46029,48498,51147,53358,55827,58484,61197,63839,66326,68571,70574,72335,73754,74777,76798,80622,87406,92708,95605,98664,102797,106169,109702,113895,120745,129788,138514,146383,153606,161532,170408,179093,187761,196431,206122,216824,227396,237702,247715,258360,269568,280511,290907,300428,310660,320259,328182,334891,341255,348566,356915,366051,376004,385445,395602,408788,425396,444253,463886,482335,498156,509703,517707
89,Homens,0,BR,Brasil,35542,33854,31702,29722,28488,28382,30167,33066,36427,39601,42237,43499,45206,47259,49535,51926,54398,56838,59028,60781,61745,61744,62129,64494,70743,76776,81515,84147,86928,90655,93716,96926,100725,106881,114995,122833,129928,136460,143620,151636,159497,167347,175214,183995,193696,203289,212657,221770,231464,241671,251649,261147,269868,279238,288047,295351,301574,307487,314258,321973,330400,339572,348291,357664,369783,385005,402275,420266,437193,451754,462446
90,Homens,0,BR,Brasil,117729,122887,127185,130696,133765,136738,139805,143355,147486,152013,156830,162882,169077,175486,182012,188564,195330,202572,210360,218309,223320,223739,222460,225528,235244,248654,264808,282066,298448,314256,330409,346281,362062,378278,396859,419023,443873,470291,497523,525981,556184,587694,620286,653806,688896,726085,764929,804962,845795,887813,931286,975796,1020780,1065521,1110654,1155659,1199286,1240879,1280554,1319417,1358444,1398246,1439344,1481144,1524106,1570422,1622194,1680244,1744104,1811854,1880792
